{
    "train_loosess": [
        0.21404565433756664,
        0.20135763059948852,
        0.18984176587181154,
        0.18094751862643738,
        0.17623400936156688
    ],
    "train_loosess_cls": [
        0.5237848347372557,
        0.4717699313569351,
        0.42075594719609566,
        0.38102780897500954,
        0.3603159506424997
    ],
    "train_loosess_div": [
        0.06950896910371772,
        0.08700994464028737,
        0.10464226172895298,
        0.11858333114082732,
        0.12589591342030015
    ],
    "train_loosess_cos": [
        0.04884314394525677,
        0.045293001329234236,
        0.04412707389255203,
        0.04323140088435725,
        0.0424901499380578
    ],
    "val_acc": 0.8266481738326398,
    "eval_losses": [
        0.4872877149010551,
        0.48200743244244504,
        0.4808901295330397,
        0.4935811803009383,
        0.4928286869145004
    ],
    "test_acc": 0.8182154415164123,
    "test_loss": 0.4921612816273108
}