{
    "train_loosess": [
        0.21375603316980002,
        0.20134310941790512,
        0.18997913165315544,
        0.18096203319507942,
        0.17606847337584877
    ],
    "train_loosess_cls": [
        0.522527657768871,
        0.47147352525071634,
        0.4212662375493515,
        0.3811124355350373,
        0.3598151485154615
    ],
    "train_loosess_div": [
        0.07004541752721491,
        0.08727539415311443,
        0.10469681793030285,
        0.11869105270694523,
        0.12600627200700035
    ],
    "train_loosess_cos": [
        0.04869500790053108,
        0.045280392825901065,
        0.04397432384709414,
        0.04308259684231529,
        0.04238398429336985
    ],
    "val_acc": 0.8226537216828479,
    "eval_losses": [
        0.5221644168245722,
        0.47869737014262637,
        0.4567072038819804,
        0.48494643995747766,
        0.4975370495806079
    ],
    "test_acc": 0.8168284789644013,
    "test_loss": 0.4927501383970475
}